id,first_name,last_name,email,gender,ip_address
1,Aleta,Wyne,awyne0@4shared.com,Female,125.59.65.232
2,Russell,Rivard,rrivard1@homestead.com,Male,197.38.96.112
3,Hasty,Hallagan,hhallagan2@deliciousdays.com,Male,227.169.4.86
4,Kendall,Forgie,kforgie3@loc.gov,Male,252.105.94.103
5,Phoebe,Piner,ppiner4@google.com.br,Female,11.20.225.92
6,Eilis,Dupoy,edupoy5@businessweek.com,Female,78.244.189.213
7,Nerta,Finlay,nfinlay6@tiny.cc,Female,236.211.81.101
8,Gerrie,Buttrey,gbuttrey7@opensource.org,Male,244.127.150.178
9,Augusto,Wyd,awyd8@nifty.com,Male,97.184.214.170
10,Byrom,Stayt,bstayt9@printfriendly.com,Male,216.72.29.69
11,Craig,Darracott,cdarracotta@hibu.com,Male,113.203.107.234
12,Lauren,Messenger,lmessengerb@squidoo.com,Female,220.199.120.209
13,Wit,Ferbrache,wferbrachec@cisco.com,Male,117.0.238.222
14,Pascal,Denniss,pdennissd@archive.org,Male,214.185.164.241
15,Langston,Fibbit,lfibbite@bandcamp.com,Male,190.141.102.202
16,Benedetta,Svanetti,bsvanettif@furl.net,Female,135.175.62.230
17,Johna,Hefford,jheffordg@tinypic.com,Female,170.194.168.6
18,Dick,Griniov,dgriniovh@springer.com,Male,47.163.65.172
19,Skip,Klimkov,sklimkovi@livejournal.com,Male,206.68.47.27
20,Robbie,Fonzo,rfonzoj@mlb.com,Male,148.5.2.155
21,Jolynn,Buckthorp,jbuckthorpk@digg.com,Female,182.50.174.222
22,Amii,Brompton,abromptonl@slideshare.net,Female,1.229.33.37
23,Rozina,Takkos,rtakkosm@nature.com,Female,215.147.190.237
24,Alli,Walesa,awalesan@ycombinator.com,Female,32.107.111.78
25,Levey,Matchell,lmatchello@w3.org,Male,67.228.176.73
26,Marchelle,Barthelemy,mbarthelemyp@engadget.com,Female,216.81.90.98
27,Jenelle,Eller,jellerq@census.gov,Female,181.6.12.14
28,Nevil,Trowel,ntrowelr@jalbum.net,Genderqueer,86.92.45.212
29,Claudian,Lubbock,clubbocks@ifeng.com,Male,167.164.219.65
30,Taddeo,Wreford,twrefordt@angelfire.com,Male,97.27.131.130
31,Alecia,Agostini,aagostiniu@cocolog-nifty.com,Female,155.97.138.23
32,Markos,McCathie,mmccathiev@so-net.ne.jp,Male,198.213.38.242
33,Barbra,Haywood,bhaywoodw@acquirethisname.com,Female,100.34.236.99
34,Roderick,Dawidowsky,rdawidowskyx@oaic.gov.au,Male,140.154.14.126
35,Giordano,Carlton,gcarltony@qq.com,Male,47.7.49.189
36,Gardiner,Schukert,gschukertz@va.gov,Male,221.142.143.40
37,Edgardo,Dei,edei10@cornell.edu,Male,12.125.18.3
38,Julietta,Smouten,jsmouten11@uiuc.edu,Female,0.104.163.116
39,Angelika,McGeachey,amcgeachey12@walmart.com,Female,91.123.231.104
40,Golda,Klimt,gklimt13@cargocollective.com,Female,59.117.171.52
41,Caren,Lindores,clindores14@youtube.com,Female,113.76.251.140
42,Hube,Sunners,hsunners15@google.com.hk,Male,153.73.118.192
43,Kevina,Abrahami,kabrahami16@java.com,Female,171.54.124.179
44,Dallas,Danilovich,ddanilovich17@flickr.com,Male,59.243.244.175
45,Myriam,Goolding,mgoolding18@yolasite.com,Female,253.148.180.181
46,Analise,Lefort,alefort19@admin.ch,Polygender,118.76.245.70
47,Clarence,Eckart,ceckart1a@google.ru,Male,104.106.34.48
48,Laurie,Paszek,lpaszek1b@state.tx.us,Female,119.81.81.6
49,Lynelle,Whitsun,lwhitsun1c@vkontakte.ru,Non-binary,15.45.237.126
50,Saxe,Crafts,scrafts1d@nsw.gov.au,Male,30.97.174.76
51,Aldus,Grob,agrob1e@sogou.com,Agender,239.144.6.163
52,Man,Halso,mhalso1f@pcworld.com,Male,178.92.70.212
53,Estrella,Reppaport,ereppaport1g@barnesandnoble.com,Female,211.131.83.217
54,Freeman,Thulborn,fthulborn1h@dot.gov,Male,72.94.59.6
55,Adelbert,Songist,asongist1i@rambler.ru,Male,89.178.182.86
56,Milissent,Blakeslee,mblakeslee1j@nps.gov,Female,241.70.7.51
57,Dare,Loxly,dloxly1k@google.fr,Male,148.119.60.217
58,Husein,Clymo,hclymo1l@weibo.com,Male,200.175.15.53
59,Gaile,MacGoun,gmacgoun1m@artisteer.com,Male,31.43.108.134
60,Benjamin,Hoxey,bhoxey1n@csmonitor.com,Male,70.5.103.92
61,Nancy,Spurge,nspurge1o@deviantart.com,Female,183.132.197.46
62,Westbrook,Stileman,wstileman1p@amazon.com,Genderqueer,198.19.229.20
63,Vanda,Worboy,vworboy1q@marriott.com,Female,237.41.153.77
64,Pyotr,Poultney,ppoultney1r@wiley.com,Polygender,44.244.33.158
65,Jacquie,Grolmann,jgrolmann1s@ycombinator.com,Female,38.173.243.196
66,Gilbertine,Tavener,gtavener1t@sitemeter.com,Female,52.252.138.73
67,Shayne,Bradburn,sbradburn1u@accuweather.com,Female,207.116.252.111
68,Port,Gaucher,pgaucher1v@ca.gov,Male,212.28.15.76
69,Baxie,Petera,bpetera1w@wp.com,Male,139.211.21.60
70,Si,Gillmore,sgillmore1x@prnewswire.com,Bigender,5.31.12.86
71,Corabel,De Nisco,cdenisco1y@nhs.uk,Female,183.179.198.207
72,Gaylene,Mouth,gmouth1z@wikipedia.org,Non-binary,87.77.254.58
73,Padraic,Micco,pmicco20@etsy.com,Male,222.163.33.82
74,Winnie,Tumini,wtumini21@exblog.jp,Male,237.168.164.181
75,Ernaline,Oldland,eoldland22@prweb.com,Genderqueer,198.83.131.18
76,Efren,Slinn,eslinn23@github.com,Male,132.207.194.184
77,Lilian,Ludwig,lludwig24@geocities.jp,Female,201.225.99.195
78,Jodi,De Gouy,jdegouy25@bluehost.com,Male,157.80.239.141
79,Caro,Haster,chaster26@house.gov,Female,120.119.252.0
80,Michele,Strafford,mstrafford27@simplemachines.org,Male,26.60.2.169
81,Karoly,Lung,klung28@yelp.com,Male,93.71.254.224
82,Corbin,Duplan,cduplan29@yolasite.com,Male,148.33.50.55
83,Tilda,Caldayrou,tcaldayrou2a@elegantthemes.com,Female,253.107.190.64
84,Tiff,Kornousek,tkornousek2b@mayoclinic.com,Female,21.217.164.11
85,Jana,Braams,jbraams2c@miibeian.gov.cn,Female,170.230.25.4
86,Sylas,Shanklin,sshanklin2d@example.com,Male,245.103.213.140
87,Alfreda,Willmett,awillmett2e@java.com,Female,229.76.4.252
88,Alyson,Ewbank,aewbank2f@who.int,Female,117.135.109.148
89,Shirline,Plose,splose2g@jugem.jp,Female,69.191.95.113
90,Matthus,Sprade,msprade2h@google.com,Male,223.11.202.243
91,Humberto,Jagels,hjagels2i@xrea.com,Male,77.164.92.154
92,Roxane,McTague,rmctague2j@godaddy.com,Female,13.109.86.41
93,Malynda,Geillier,mgeillier2k@51.la,Female,152.147.216.189
94,Gabi,Hairon,ghairon2l@delicious.com,Non-binary,183.224.244.145
95,Kristen,Gosnoll,kgosnoll2m@globo.com,Female,35.188.252.74
96,Deonne,Maginn,dmaginn2n@theguardian.com,Female,177.154.172.160
97,Cal,Baumaier,cbaumaier2o@posterous.com,Female,123.162.242.173
98,Ariadne,Lapides,alapides2p@nationalgeographic.com,Non-binary,147.106.64.118
99,Anstice,Gomersall,agomersall2q@linkedin.com,Female,173.164.244.11
100,Megen,Vanyakin,mvanyakin2r@jiathis.com,Female,196.147.155.58
101,Nonie,Rault,nrault2s@marketwatch.com,Female,122.15.75.149
102,Abelard,Barzen,abarzen2t@odnoklassniki.ru,Male,96.208.1.43
103,Gideon,Turley,gturley2u@yelp.com,Non-binary,98.215.167.136
104,Livia,Stuttard,lstuttard2v@latimes.com,Female,228.15.77.66
105,Nollie,Starkings,nstarkings2w@wordpress.com,Male,4.25.32.161
106,Sterling,Savary,ssavary2x@shutterfly.com,Male,201.241.51.32
107,Jasper,Hayward,jhayward2y@vkontakte.ru,Male,132.38.36.92
108,Karrie,Macek,kmacek2z@ted.com,Female,34.233.57.137
109,Jae,Posselow,jposselow30@technorati.com,Male,121.236.251.94
110,Martguerita,Carverhill,mcarverhill31@jugem.jp,Female,7.190.33.164
111,Brynna,Bringloe,bbringloe32@house.gov,Female,90.201.141.18
112,Carey,Malletratt,cmalletratt33@cisco.com,Male,48.41.52.102
113,Kenneth,Pettegre,kpettegre34@storify.com,Male,207.54.37.17
114,Elton,Bullan,ebullan35@redcross.org,Male,74.221.139.201
115,Chery,Beesley,cbeesley36@free.fr,Female,167.173.142.26
116,Skyler,Ions,sions37@statcounter.com,Male,180.204.232.181
117,Mendie,Spears,mspears38@earthlink.net,Male,140.206.109.172
118,Fabe,Fridaye,ffridaye39@privacy.gov.au,Male,15.238.35.63
119,Lammond,Stirrup,lstirrup3a@china.com.cn,Male,236.145.163.46
120,Judie,MacGovern,jmacgovern3b@phpbb.com,Female,37.83.97.3
121,Hy,Cherrington,hcherrington3c@springer.com,Male,198.169.115.77
122,Mart,Luto,mluto3d@cisco.com,Male,197.116.231.64
123,Bat,Steele,bsteele3e@slashdot.org,Male,58.248.238.166
124,Jenilee,Spink,jspink3f@histats.com,Non-binary,141.19.160.177
125,Verina,Fynan,vfynan3g@sciencedaily.com,Female,102.4.120.38
126,Ophelia,Bletsor,obletsor3h@ycombinator.com,Female,186.169.201.82
127,Brannon,Rydings,brydings3i@uiuc.edu,Male,214.196.174.171
128,Paule,Ambroz,pambroz3j@networkadvertising.org,Female,195.91.173.206
129,Gil,Polon,gpolon3k@wisc.edu,Male,170.218.184.30
130,Shay,Norwood,snorwood3l@narod.ru,Female,40.6.135.0
131,Joanne,Pelman,jpelman3m@prweb.com,Female,163.157.41.173
132,Kyla,Downie,kdownie3n@php.net,Female,210.185.226.176
133,Maisie,Marchent,mmarchent3o@howstuffworks.com,Female,58.87.252.45
134,Noni,Loveredge,nloveredge3p@phoca.cz,Female,219.95.250.170
135,Randolph,Voyce,rvoyce3q@auda.org.au,Male,61.36.31.221
136,Anselma,Berston,aberston3r@mashable.com,Female,85.199.147.82
137,Jim,Males,jmales3s@msn.com,Male,75.162.203.26
138,Minnaminnie,Sulley,msulley3t@google.com,Female,122.63.206.203
139,Wilie,Mourbey,wmourbey3u@census.gov,Agender,107.100.77.68
140,Sergei,Jinda,sjinda3v@nhs.uk,Male,80.219.6.20
141,Willy,Hardwell,whardwell3w@usatoday.com,Male,253.59.210.142
142,Garrik,Makiver,gmakiver3x@tiny.cc,Male,203.195.250.127
143,Marilyn,Lipscomb,mlipscomb3y@yahoo.co.jp,Female,92.96.43.70
144,Humfrey,Lowey,hlowey3z@google.it,Male,120.182.117.98
145,Ashien,Delue,adelue40@arstechnica.com,Female,132.66.178.252
146,Camala,Birkin,cbirkin41@goo.gl,Female,196.224.212.20
147,Ross,Ilson,rilson42@ezinearticles.com,Male,248.103.9.160
148,Coral,Mackerness,cmackerness43@webs.com,Bigender,82.188.192.255
149,Gregoor,Lorroway,glorroway44@baidu.com,Male,254.51.89.22
150,Michael,Lander,mlander45@lulu.com,Male,209.180.70.64
151,Lucian,Cradey,lcradey46@go.com,Male,199.118.122.131
152,Cynthia,Rehn,crehn47@mapquest.com,Female,155.227.51.92
153,Cully,McPhilemy,cmcphilemy48@php.net,Male,230.74.139.233
154,Judd,Woltering,jwoltering49@tuttocitta.it,Male,27.243.168.22
155,Barri,Weatherill,bweatherill4a@statcounter.com,Male,27.98.4.43
156,Robinson,Brandli,rbrandli4b@lycos.com,Male,86.243.164.50
157,Moyra,Dericut,mdericut4c@nih.gov,Female,68.204.9.20
158,Stefanie,Shurville,sshurville4d@slashdot.org,Female,48.10.230.150
159,Augie,Emberson,aemberson4e@nydailynews.com,Male,81.231.40.220
160,Nels,Tomet,ntomet4f@netlog.com,Male,211.112.42.236
161,Barrie,Downing,bdowning4g@eepurl.com,Male,107.203.105.80
162,Diarmid,Biagini,dbiagini4h@newyorker.com,Male,63.32.61.181
163,Booth,Fourmy,bfourmy4i@yellowpages.com,Male,246.168.61.84
164,Raf,Mordue,rmordue4j@qq.com,Female,75.97.178.213
165,Anton,Hare,ahare4k@elegantthemes.com,Male,200.72.10.55
166,Marylynne,Penni,mpenni4l@illinois.edu,Agender,200.131.101.227
167,Benedick,Shurey,bshurey4m@gizmodo.com,Male,75.196.126.244
168,Tracy,Barbisch,tbarbisch4n@hubpages.com,Genderfluid,74.107.83.23
169,Chickie,McEttigen,cmcettigen4o@prweb.com,Agender,9.185.134.149
170,Min,Linck,mlinck4p@ow.ly,Bigender,158.35.90.200
171,Heath,Turford,hturford4q@opensource.org,Female,19.165.52.223
172,Wakefield,Brownett,wbrownett4r@arizona.edu,Male,219.212.110.230
173,Florella,Tibbs,ftibbs4s@meetup.com,Female,251.50.175.112
174,Lothaire,Scutching,lscutching4t@zimbio.com,Male,44.97.26.120
175,Antoine,Woodhouse,awoodhouse4u@walmart.com,Male,94.87.90.179
176,John,Trumpeter,jtrumpeter4v@flickr.com,Male,26.94.47.169
177,Audrie,Stennine,astennine4w@amazon.co.uk,Female,35.108.67.142
178,Sherline,Plover,splover4x@ebay.co.uk,Female,241.226.22.242
179,Herby,Ortells,hortells4y@spotify.com,Male,188.190.65.57
180,Russ,Joannet,rjoannet4z@delicious.com,Male,165.118.227.144
181,Salaidh,Petche,spetche50@free.fr,Female,110.194.101.155
182,Nicky,Durker,ndurker51@prlog.org,Male,112.172.104.160
183,Harman,Mothersole,hmothersole52@list-manage.com,Male,103.128.99.231
184,Lauretta,Bryan,lbryan53@rediff.com,Female,71.144.81.255
185,Hannah,Threadgould,hthreadgould54@nhs.uk,Female,162.236.211.56
186,Nessi,Blowfelde,nblowfelde55@google.com.au,Female,188.119.24.144
187,Lynna,Copnall,lcopnall56@slashdot.org,Female,204.82.247.10
188,Maisie,Munro,mmunro57@foxnews.com,Female,78.74.207.19
189,Guilbert,McNirlan,gmcnirlan58@rediff.com,Male,147.57.46.63
190,Nathanael,Boat,nboat59@blog.com,Male,61.44.183.182
191,Francis,Marder,fmarder5a@unicef.org,Male,33.34.129.124
192,Kendrick,Lytell,klytell5b@archive.org,Male,134.143.8.195
193,Anetta,Dall,adall5c@themeforest.net,Female,195.112.6.56
194,Edsel,McIlriach,emcilriach5d@addtoany.com,Male,255.64.253.47
195,Wilbert,Doran,wdoran5e@prweb.com,Genderfluid,17.196.249.123
196,Vilhelmina,Humburton,vhumburton5f@amazon.com,Female,26.157.229.34
197,Melisandra,O'Keeffe,mokeeffe5g@psu.edu,Polygender,4.40.1.137
198,Rhianna,Yarker,ryarker5h@stanford.edu,Female,199.174.24.1
199,Edi,Cheeseman,echeeseman5i@slashdot.org,Female,52.155.115.73
200,Charo,Rubbens,crubbens5j@people.com.cn,Female,66.55.132.206
201,Marilyn,Kingsland,mkingsland5k@cbc.ca,Female,236.32.174.221
202,Sissy,Smithson,ssmithson5l@nhs.uk,Female,2.221.192.13
203,Jyoti,Crosscombe,jcrosscombe5m@slideshare.net,Female,51.132.71.221
204,Eldridge,Ottewill,eottewill5n@themeforest.net,Male,2.119.38.114
205,Marigold,Hurrell,mhurrell5o@blogspot.com,Female,150.185.188.96
206,Monica,Sprade,msprade5p@discovery.com,Female,76.179.67.22
207,Wat,Poncet,wponcet5q@narod.ru,Male,251.187.139.158
208,Parnell,Ogden,pogden5r@google.it,Male,125.227.204.232
209,Doralia,Huke,dhuke5s@google.cn,Female,133.83.110.105
210,Nevins,Cureton,ncureton5t@webs.com,Male,76.195.134.133
211,Ravi,Ravenscraft,rravenscraft5u@soup.io,Bigender,176.172.86.234
212,Francene,Uebel,fuebel5v@nature.com,Female,156.98.69.13
213,Vanessa,Patise,vpatise5w@exblog.jp,Female,135.4.236.241
214,Marielle,Schiesterl,mschiesterl5x@geocities.jp,Female,156.133.150.100
215,Anetta,Kobpa,akobpa5y@uiuc.edu,Female,67.123.7.118
216,Horace,Hiscoe,hhiscoe5z@statcounter.com,Male,58.153.80.86
217,Corie,Dunbobbin,cdunbobbin60@howstuffworks.com,Bigender,33.225.130.193
218,Lacie,Whatford,lwhatford61@shareasale.com,Female,237.156.52.156
219,Flint,Sandilands,fsandilands62@is.gd,Male,109.144.154.68
220,Milton,Klebes,mklebes63@ifeng.com,Male,20.232.153.151
221,Morrie,Skylett,mskylett64@businesswire.com,Male,132.108.112.59
222,Sollie,Matveichev,smatveichev65@topsy.com,Male,150.5.126.52
223,Van,Goodhand,vgoodhand66@eventbrite.com,Female,149.0.105.75
224,Hilliary,Harker,hharker67@nhs.uk,Female,172.241.93.141
225,Alvina,Jezard,ajezard68@google.de,Female,125.145.106.210
226,Forest,Beveredge,fbeveredge69@pbs.org,Male,81.26.228.1
227,Duffy,Attac,dattac6a@businesswire.com,Male,176.180.47.133
228,Malcolm,Dach,mdach6b@jalbum.net,Male,178.6.137.31
229,Celinda,Jeffress,cjeffress6c@macromedia.com,Female,90.118.224.17
230,Kippie,Wormald,kwormald6d@go.com,Female,147.177.10.157
231,Franky,Danovich,fdanovich6e@mit.edu,Female,13.131.20.185
232,Jany,Lorenzetto,jlorenzetto6f@eepurl.com,Female,168.96.211.141
233,Udell,Scarrott,uscarrott6g@imdb.com,Male,194.87.239.80
234,Priscilla,Huddlestone,phuddlestone6h@skyrock.com,Female,249.165.111.55
235,Merrel,Blucher,mblucher6i@mtv.com,Male,206.118.116.230
236,Clemmie,Quixley,cquixley6j@cam.ac.uk,Female,172.227.58.54
237,Bonnibelle,Mattea,bmattea6k@twitter.com,Female,21.163.155.242
238,Maury,Helks,mhelks6l@businessweek.com,Male,20.170.148.155
239,Theodor,Asbrey,tasbrey6m@indiatimes.com,Male,63.102.7.246
240,Lauryn,Linford,llinford6n@washington.edu,Female,81.253.3.182
241,Rorie,Inde,rinde6o@walmart.com,Female,212.37.79.50
242,Rafaela,Dohmer,rdohmer6p@tuttocitta.it,Female,208.95.84.207
243,Teodor,Bultitude,tbultitude6q@ameblo.jp,Male,207.249.154.247
244,Dasie,Tattersall,dtattersall6r@merriam-webster.com,Female,84.78.253.194
245,Cher,Cornall,ccornall6s@opensource.org,Female,122.107.228.20
246,Janine,Barta,jbarta6t@comsenz.com,Female,61.96.130.22
247,Augustus,Meegin,ameegin6u@shareasale.com,Male,78.143.159.175
248,Clemens,Eglin,ceglin6v@plala.or.jp,Male,217.63.247.228
249,Bartlet,Storrah,bstorrah6w@cdbaby.com,Male,240.246.29.192
250,Dru,Theobold,dtheobold6x@mapy.cz,Male,41.169.210.50
251,Gilberto,Wilfing,gwilfing6y@bizjournals.com,Male,59.145.173.95
252,Skye,Arson,sarson6z@ovh.net,Male,64.30.106.168
253,Betty,Skippon,bskippon70@google.com.hk,Female,47.162.228.164
254,Myrtie,Elleyne,melleyne71@issuu.com,Female,188.39.246.28
255,Smith,Muff,smuff72@wikia.com,Bigender,56.62.19.142
256,Luise,McTurlough,lmcturlough73@acquirethisname.com,Female,190.161.119.75
257,Rosabella,Parzizek,rparzizek74@xrea.com,Female,176.62.169.180
258,Graham,Petrozzi,gpetrozzi75@va.gov,Male,227.192.108.174
259,Emery,Common,ecommon76@facebook.com,Male,220.234.244.118
260,Starr,Argyle,sargyle77@thetimes.co.uk,Female,236.221.77.122
261,Bertie,Emm,bemm78@miitbeian.gov.cn,Male,41.45.182.65
262,Parrnell,Buntin,pbuntin79@yolasite.com,Male,166.249.132.18
263,Nicky,Fallanche,nfallanche7a@wikia.com,Female,171.214.172.48
264,Nolana,O'Hagerty,nohagerty7b@nba.com,Female,223.164.151.203
265,Brnaba,Seamarke,bseamarke7c@buzzfeed.com,Male,246.81.216.102
266,Cammi,Guilfoyle,cguilfoyle7d@goodreads.com,Female,248.75.84.157
267,Lanette,Kiehl,lkiehl7e@ask.com,Female,14.98.118.93
268,Kermit,Wendover,kwendover7f@chron.com,Male,71.214.129.20
269,Tiebout,Gillean,tgillean7g@mail.ru,Male,26.177.70.153
270,Frans,Shortall,fshortall7h@zimbio.com,Male,198.137.95.24
271,Ed,Giordano,egiordano7i@scribd.com,Male,186.246.1.45
272,Anne,Kincade,akincade7j@telegraph.co.uk,Female,139.137.253.142
273,Maud,Headley,mheadley7k@bbc.co.uk,Female,15.34.69.190
274,Kippy,Curcher,kcurcher7l@clickbank.net,Female,162.17.124.90
275,Oralia,Rickword,orickword7m@goo.gl,Female,120.30.232.135
276,Jackqueline,Defau,jdefau7n@ft.com,Female,55.169.217.11
277,Romain,Decent,rdecent7o@hc360.com,Male,163.153.122.192
278,Jobi,Hupka,jhupka7p@opensource.org,Female,137.1.226.209
279,Kayley,Sowden,ksowden7q@washingtonpost.com,Female,114.228.195.87
280,Colman,Hartness,chartness7r@reuters.com,Male,240.8.83.200
281,Nita,Smees,nsmees7s@bing.com,Female,242.158.191.251
282,Edi,Maddaford,emaddaford7t@vinaora.com,Female,12.83.118.222
283,Bernhard,Jeanesson,bjeanesson7u@mozilla.org,Male,44.179.69.57
284,Ricky,Jencken,rjencken7v@nature.com,Male,220.122.72.138
285,Gallard,Foulds,gfoulds7w@hp.com,Polygender,181.13.1.177
286,Alys,Connerly,aconnerly7x@samsung.com,Female,254.59.116.218
287,Ingeborg,Tiller,itiller7y@reuters.com,Genderfluid,73.206.125.55
288,Arlan,Refford,arefford7z@foxnews.com,Male,33.255.5.233
289,Guglielma,Couldwell,gcouldwell80@mapy.cz,Female,30.194.134.102
290,Fitzgerald,Gillman,fgillman81@vistaprint.com,Male,111.10.205.160
291,Koenraad,Jammes,kjammes82@foxnews.com,Male,101.195.78.20
292,Aldo,Eadmeades,aeadmeades83@ycombinator.com,Male,245.167.223.10
293,Blayne,Zanuciolii,bzanuciolii84@hao123.com,Male,5.86.162.62
294,Colline,Ogborn,cogborn85@aol.com,Female,159.53.150.16
295,Ashil,Jacox,ajacox86@sphinn.com,Female,64.57.12.208
296,Dan,Banisch,dbanisch87@berkeley.edu,Male,19.76.138.120
297,Matilde,Kilner,mkilner88@soup.io,Female,21.53.99.253
298,Sibelle,Hairon,shairon89@4shared.com,Female,109.201.14.97
299,Wes,Ciccone,wciccone8a@deviantart.com,Male,143.33.78.120
300,Hubey,Spacey,hspacey8b@angelfire.com,Male,196.155.12.102
301,Edy,Messom,emessom8c@ameblo.jp,Female,136.216.245.248
302,Ollie,Buckell,obuckell8d@nba.com,Male,98.124.237.125
303,Lemar,Pinckard,lpinckard8e@mit.edu,Male,54.15.74.195
304,Chickie,Stopp,cstopp8f@privacy.gov.au,Polygender,135.188.1.157
305,Putnem,Piatto,ppiatto8g@google.nl,Male,208.130.24.249
306,Dario,Pettie,dpettie8h@imgur.com,Male,164.204.179.97
307,Abbe,Cayley,acayley8i@alibaba.com,Female,161.116.99.121
308,Tadd,Selby,tselby8j@etsy.com,Male,148.56.47.56
309,Monte,Struthers,mstruthers8k@kickstarter.com,Male,12.228.96.139
310,Freda,Grindell,fgrindell8l@goodreads.com,Female,201.255.53.217
311,Ynez,Learmond,ylearmond8m@slate.com,Female,122.89.109.1
312,Arthur,Brushfield,abrushfield8n@fc2.com,Bigender,242.121.156.77
313,Carree,Anderton,canderton8o@eepurl.com,Female,148.87.220.79
314,Cristiano,Volk,cvolk8p@washingtonpost.com,Male,66.239.13.109
315,Quintina,Fordham,qfordham8q@ebay.com,Female,172.50.242.186
316,Shane,Assiratti,sassiratti8r@cnbc.com,Male,183.118.86.90
317,Corabelle,Peagrim,cpeagrim8s@cafepress.com,Non-binary,132.107.149.197
318,Merry,Muller,mmuller8t@admin.ch,Male,44.227.224.200
319,Keefe,Dorracott,kdorracott8u@sourceforge.net,Male,1.29.244.166
320,Cly,Wooton,cwooton8v@technorati.com,Male,13.247.76.45
321,Lek,Kivelle,lkivelle8w@123-reg.co.uk,Male,11.115.16.114
322,Chalmers,Barlow,cbarlow8x@addtoany.com,Male,100.193.78.222
323,Cinderella,Noot,cnoot8y@hostgator.com,Female,6.148.132.50
324,Sim,Porritt,sporritt8z@irs.gov,Male,99.186.151.219
325,Cobbie,Roarty,croarty90@yelp.com,Male,252.91.250.215
326,Glenn,Papps,gpapps91@naver.com,Female,74.161.122.107
327,Aviva,Bodiam,abodiam92@sakura.ne.jp,Female,78.103.21.88
328,Nikos,Jilliss,njilliss93@mail.ru,Male,228.53.84.91
329,Kimberley,Dundridge,kdundridge94@home.pl,Female,21.72.62.79
330,Cathe,Janovsky,cjanovsky95@jiathis.com,Female,162.144.10.32
331,Bella,Cayton,bcayton96@constantcontact.com,Female,70.39.14.186
332,Cindee,Yegorev,cyegorev97@people.com.cn,Female,133.6.52.204
333,Kandy,Chave,kchave98@sun.com,Agender,105.169.79.138
334,Mercy,Eastwell,meastwell99@google.ca,Polygender,62.115.184.96
335,Dulcie,Islep,dislep9a@i2i.jp,Female,226.215.135.181
336,Genia,Dreier,gdreier9b@howstuffworks.com,Female,137.252.219.212
337,Mickie,Grinyer,mgrinyer9c@nydailynews.com,Male,36.124.88.110
338,Phillis,Goldis,pgoldis9d@ca.gov,Female,151.124.59.185
339,Edie,Ormond,eormond9e@blogtalkradio.com,Female,96.89.23.179
340,Bonnibelle,Heinonen,bheinonen9f@discovery.com,Female,102.139.110.123
341,Rinaldo,Durban,rdurban9g@woothemes.com,Male,155.105.29.217
342,Olwen,Novis,onovis9h@lycos.com,Female,80.63.120.131
343,Andreas,Blewmen,ablewmen9i@fastcompany.com,Non-binary,112.138.250.36
344,Camile,Dodding,cdodding9j@cam.ac.uk,Female,132.165.74.137
345,Reba,Stare,rstare9k@addtoany.com,Female,222.6.233.123
346,Jolyn,Capstick,jcapstick9l@sbwire.com,Female,229.190.168.108
347,Eliot,Petican,epetican9m@simplemachines.org,Male,203.233.135.52
348,Free,Cheesworth,fcheesworth9n@state.gov,Male,77.54.234.129
349,Clarinda,Ingry,cingry9o@livejournal.com,Female,203.238.35.115
350,Lavina,Sabben,lsabben9p@samsung.com,Female,116.208.255.128
351,Conrad,Lutsch,clutsch9q@mozilla.com,Male,119.234.27.99
352,Brant,Burdus,bburdus9r@is.gd,Male,228.234.161.189
353,Stuart,Hoyer,shoyer9s@cargocollective.com,Male,138.97.61.146
354,Bel,McKinie,bmckinie9t@miitbeian.gov.cn,Female,27.55.132.173
355,Kimbell,Bundey,kbundey9u@ow.ly,Male,126.94.67.28
356,Piotr,Fordham,pfordham9v@merriam-webster.com,Male,251.37.32.13
357,Pietra,McGlew,pmcglew9w@netvibes.com,Female,4.241.188.77
358,Colene,Yurshev,cyurshev9x@networkadvertising.org,Female,202.41.187.58
359,Cilka,Elmhirst,celmhirst9y@yahoo.com,Female,215.19.148.245
360,Gretal,Di Ruggiero,gdiruggiero9z@reddit.com,Non-binary,141.182.163.50
361,Emmy,Bruff,ebruffa0@friendfeed.com,Female,100.130.192.12
362,Mara,Staining,mstaininga1@biglobe.ne.jp,Bigender,137.1.72.100
363,Albina,Bellhouse,abellhousea2@bing.com,Female,179.209.18.69
364,Koo,Brandon,kbrandona3@disqus.com,Genderfluid,205.217.143.44
365,Morissa,Woodburn,mwoodburna4@mapy.cz,Female,238.88.166.86
366,Annette,Kees,akeesa5@networksolutions.com,Female,215.227.41.177
367,Charin,Turner,cturnera6@cisco.com,Female,220.82.93.5
368,Orel,Patershall,opatershalla7@dmoz.org,Female,103.178.27.236
369,Sheilakathryn,Danielsky,sdanielskya8@state.tx.us,Female,224.247.41.70
370,Palmer,Janda,pjandaa9@wunderground.com,Male,20.66.185.135
371,Shelbi,Skullet,sskulletaa@europa.eu,Female,230.105.100.235
372,Bearnard,Commuzzo,bcommuzzoab@t.co,Male,24.6.30.30
373,Brynna,Koche,bkocheac@ted.com,Female,157.116.67.207
374,Fitzgerald,Roselli,froselliad@diigo.com,Male,50.121.208.154
375,Herold,Syseland,hsyselandae@4shared.com,Male,226.148.180.15
376,Darlleen,Comelini,dcomeliniaf@comsenz.com,Female,106.18.221.111
377,Ginny,Dadley,gdadleyag@businessinsider.com,Female,42.192.73.82
378,Laureen,Scaice,lscaiceah@wp.com,Female,72.93.2.132
379,Forester,Basketter,fbasketterai@opensource.org,Male,78.121.28.114
380,Gradey,Marjoram,gmarjoramaj@intel.com,Male,244.104.49.231
381,Donny,Freebury,dfreeburyak@springer.com,Female,93.84.203.20
382,Norbert,Embling,nemblingal@stumbleupon.com,Male,26.201.104.7
383,Eva,O' Scallan,eoscallanam@nsw.gov.au,Female,163.217.147.196
384,Charlean,Gilardengo,cgilardengoan@privacy.gov.au,Female,163.29.183.125
385,Otes,Rois,oroisao@wired.com,Male,137.154.31.212
386,Katharyn,Master,kmasterap@oakley.com,Female,205.19.223.201
387,Alethea,Freeland,afreelandaq@admin.ch,Female,132.222.124.66
388,Laina,Woffinden,lwoffindenar@sciencedirect.com,Female,161.250.58.91
389,Peg,Conerding,pconerdingas@parallels.com,Female,4.207.12.21
390,Lebbie,Varcoe,lvarcoeat@people.com.cn,Female,212.145.107.214
391,Arturo,Jodrellec,ajodrellecau@army.mil,Male,52.144.149.25
392,Ilyse,Kingsnorth,ikingsnorthav@springer.com,Female,184.4.221.214
393,Marcelo,Candy,mcandyaw@google.ca,Male,252.189.96.15
394,Bartram,Anfrey,banfreyax@netvibes.com,Bigender,193.162.114.103
395,Nalani,Marklow,nmarkloway@psu.edu,Female,30.206.123.8
396,Skye,Methven,smethvenaz@deliciousdays.com,Male,84.188.25.242
397,Candis,Northcott,cnorthcottb0@netvibes.com,Female,246.162.252.103
398,Kane,Vuittet,kvuittetb1@ca.gov,Male,84.206.196.25
399,Miran,Massinger,mmassingerb2@oaic.gov.au,Female,117.24.180.60
400,Bridget,Kubala,bkubalab3@ca.gov,Female,223.151.172.225
401,Sherm,Carvilla,scarvillab4@jigsy.com,Male,18.166.96.253
402,Rayshell,Eates,reatesb5@baidu.com,Female,68.126.63.218
403,Alastair,Gosz,agoszb6@nature.com,Male,76.175.144.184
404,Cyndy,Buntin,cbuntinb7@whitehouse.gov,Female,84.133.225.53
405,Kienan,Barthot,kbarthotb8@arstechnica.com,Male,202.37.71.81
406,Cornie,Butteris,cbutterisb9@feedburner.com,Male,178.218.67.16
407,Barbey,Gauntley,bgauntleyba@wisc.edu,Female,229.21.188.13
408,Vernen,Slobom,vslobombb@cnn.com,Male,64.86.78.89
409,Lyndsey,Vizard,lvizardbc@census.gov,Female,111.93.197.214
410,Templeton,Bidewel,tbidewelbd@state.gov,Male,118.208.72.132
411,Pernell,Pottery,ppotterybe@google.pl,Male,127.198.142.62
412,Kath,Grass,kgrassbf@ucla.edu,Female,232.178.115.240
413,Donna,Ferney,dferneybg@dailymotion.com,Female,34.107.192.124
414,Dorene,Hanratty,dhanrattybh@mlb.com,Female,213.97.245.121
415,Arlene,Town,atownbi@engadget.com,Female,51.77.13.124
416,Maxim,Spata,mspatabj@sina.com.cn,Male,104.207.239.226
417,Paxon,McGilbon,pmcgilbonbk@sourceforge.net,Male,234.170.219.238
418,Mary,Sweetsur,msweetsurbl@imdb.com,Female,87.218.23.29
419,Franny,Wason,fwasonbm@virginia.edu,Male,126.180.14.235
420,Alameda,Batie,abatiebn@liveinternet.ru,Female,182.57.248.232
421,Murvyn,Ugoni,mugonibo@economist.com,Male,2.189.93.5
422,Sayer,Tremoulet,stremouletbp@gnu.org,Male,28.33.2.206
423,Carolus,Gudgin,cgudginbq@discovery.com,Male,165.132.101.182
424,Dur,Parkisson,dparkissonbr@fotki.com,Male,45.159.75.166
425,Farrand,Volkes,fvolkesbs@tumblr.com,Female,69.195.49.61
426,Cleopatra,Donnellan,cdonnellanbt@wikipedia.org,Agender,245.149.153.60
427,Reidar,Padginton,rpadgintonbu@cam.ac.uk,Male,251.235.254.220
428,Perry,Mustarde,pmustardebv@topsy.com,Female,245.70.146.155
429,Guglielmo,Edmunds,gedmundsbw@sphinn.com,Genderqueer,171.190.35.134
430,Iggy,McCorkell,imccorkellbx@wikia.com,Male,93.111.15.45
431,Moses,Boaler,mboalerby@amazon.co.jp,Male,222.191.163.54
432,Prudy,Foan,pfoanbz@amazonaws.com,Female,4.110.194.89
433,Hailey,Swanborrow,hswanborrowc0@barnesandnoble.com,Male,46.87.23.96
434,Marcela,Escritt,mescrittc1@lulu.com,Female,36.136.119.209
435,Lothaire,Brownlie,lbrownliec2@yale.edu,Male,156.205.38.183
436,Falito,Huddart,fhuddartc3@ftc.gov,Male,116.25.92.75
437,Tarrance,Tume,ttumec4@ebay.com,Male,157.54.243.238
438,Ted,Littell,tlittellc5@hc360.com,Male,136.173.59.196
439,Benedict,Boatswain,bboatswainc6@redcross.org,Male,155.247.155.188
440,Ira,Jeckells,ijeckellsc7@redcross.org,Female,15.141.20.168
441,Lombard,Slucock,lslucockc8@army.mil,Male,119.182.153.196
442,Billi,McCallister,bmccallisterc9@jugem.jp,Female,11.169.168.143
443,Bryanty,Pocke,bpockeca@jiathis.com,Male,150.108.112.124
444,Glynnis,Francesco,gfrancescocb@fotki.com,Female,131.114.126.179
445,Analise,Trunks,atrunkscc@github.io,Genderqueer,10.117.234.204
446,Cassaundra,Ollerhad,collerhadcd@blogs.com,Female,143.68.11.156
447,Ruthi,Clemmens,rclemmensce@addtoany.com,Female,98.19.215.222
448,Payton,Chattelaine,pchattelainecf@domainmarket.com,Male,7.162.198.214
449,Merrili,Hamnett,mhamnettcg@livejournal.com,Female,220.96.60.54
450,Lorelle,Jeannet,ljeannetch@friendfeed.com,Female,35.42.96.169
451,Carole,Keers,ckeersci@pbs.org,Female,240.69.160.132
452,Gregg,Sainsbury,gsainsburycj@wisc.edu,Male,207.135.174.143
453,Darren,Tremathick,dtremathickck@house.gov,Male,94.103.174.128
454,Titus,Hardaker,thardakercl@devhub.com,Male,79.201.128.242
455,Saundra,Burnage,sburnagecm@imgur.com,Male,244.243.62.180
456,Hakim,Tuffrey,htuffreycn@mashable.com,Male,183.45.204.197
457,Guenevere,Bilfoot,gbilfootco@usatoday.com,Female,207.33.24.123
458,Jorie,Dayborne,jdaybornecp@msn.com,Female,146.198.44.174
459,Dallis,Passler,dpasslercq@pen.io,Male,156.47.121.213
460,Jo-anne,Fall,jfallcr@slashdot.org,Female,74.36.18.91
461,Candis,Szanto,cszantocs@desdev.cn,Female,220.47.145.135
462,Wallis,Scuffham,wscuffhamct@sphinn.com,Male,242.201.10.120
463,Corbin,Keegan,ckeegancu@comcast.net,Male,7.182.184.150
464,Claudia,Avon,cavoncv@uol.com.br,Female,191.235.71.123
465,Madelyn,Jewett,mjewettcw@parallels.com,Female,24.98.193.239
466,Brady,Weild,bweildcx@buzzfeed.com,Male,127.127.125.83
467,Paxton,Curro,pcurrocy@github.com,Male,254.255.53.136
468,Eli,Scarasbrick,escarasbrickcz@hubpages.com,Genderqueer,164.107.170.104
469,Bradford,Lawford,blawfordd0@opensource.org,Male,159.47.34.188
470,Sacha,Baldree,sbaldreed1@si.edu,Female,226.230.241.86
471,Terrye,Burch,tburchd2@lulu.com,Female,80.46.113.211
472,Kliment,Gamlen,kgamlend3@amazonaws.com,Bigender,232.100.62.29
473,Ronni,Cregg,rcreggd4@europa.eu,Female,139.251.140.124
474,Keelia,Kryska,kkryskad5@lycos.com,Female,234.102.240.28
475,Rollin,Meuse,rmeused6@163.com,Male,22.230.248.38
476,Jordain,Benitti,jbenittid7@google.es,Female,53.187.152.228
477,Bobine,Marle,bmarled8@dagondesign.com,Female,107.103.239.172
478,Cinnamon,Petry,cpetryd9@dyndns.org,Female,92.209.183.168
479,Melisenda,Errett,merrettda@icq.com,Female,186.27.221.246
480,Jocelin,Mardle,jmardledb@hao123.com,Genderfluid,111.2.25.186
481,Conn,Kittley,ckittleydc@naver.com,Male,177.152.5.248
482,Karrie,Wathan,kwathandd@smh.com.au,Female,47.46.215.120
483,Edsel,Coneybeare,econeybearede@soup.io,Male,248.50.127.155
484,Bobina,Moores,bmooresdf@themeforest.net,Polygender,180.53.203.137
485,Felicio,Possel,fposseldg@sina.com.cn,Male,155.118.178.247
486,Lauritz,Marrison,lmarrisondh@gmpg.org,Male,42.66.100.110
487,Ebeneser,Sutherden,esutherdendi@mozilla.org,Male,137.105.40.8
488,Paule,Iggalden,piggaldendj@nifty.com,Female,29.218.129.236
489,Laurie,Kowal,lkowaldk@webnode.com,Male,107.123.92.131
490,Virgil,Cocklie,vcockliedl@sciencedaily.com,Male,67.216.61.46
491,Boothe,Seeger,bseegerdm@goodreads.com,Male,30.82.167.231
492,Adrian,Claridge,aclaridgedn@i2i.jp,Female,90.29.182.221
493,Katharyn,Betton,kbettondo@paginegialle.it,Female,145.197.157.152
494,Avis,Challicombe,achallicombedp@bbc.co.uk,Non-binary,68.68.119.128
495,Carver,Glassup,cglassupdq@gov.uk,Male,194.227.131.40
496,Cassy,Garrett,cgarrettdr@google.com.hk,Female,80.50.65.204
497,Linn,Lindborg,llindborgds@patch.com,Non-binary,145.187.158.227
498,Aveline,Soloway,asolowaydt@ebay.com,Female,19.194.233.212
499,Daffi,Vine,dvinedu@cloudflare.com,Female,35.20.87.204
500,Weber,Dare,wdaredv@nih.gov,Male,191.202.174.56
501,Scott,Neeson,sneesondw@smugmug.com,Male,136.42.27.243
502,Kin,Hoyles,khoylesdx@sun.com,Male,98.171.129.213
503,Jorey,Tucsell,jtucselldy@amazon.com,Female,119.5.211.36
504,Valry,Oxtoby,voxtobydz@howstuffworks.com,Female,212.8.34.109
505,Chrisse,Ricks,crickse0@ifeng.com,Male,225.163.101.223
506,Chloris,Bedberry,cbedberrye1@geocities.com,Agender,250.109.57.223
507,Erastus,Scardifeild,escardifeilde2@typepad.com,Male,104.25.225.135
508,Janeczka,Empleton,jempletone3@hc360.com,Female,197.12.59.174
509,Beverley,Tattoo,btattooe4@ning.com,Female,226.16.54.153
510,Auria,Belcher,abelchere5@archive.org,Female,243.180.114.53
511,Perrine,Totton,ptottone6@cmu.edu,Female,14.22.60.212
512,Debor,Kent,dkente7@ning.com,Female,72.82.140.63
513,Christie,Gilliland,cgillilande8@europa.eu,Male,65.52.30.167
514,Deanne,Morrant,dmorrante9@ustream.tv,Female,246.69.182.166
515,Reiko,Behninck,rbehninckea@macromedia.com,Female,131.97.50.45
516,Maryellen,Winder,mwindereb@rakuten.co.jp,Female,33.55.30.188
517,Shena,Hughland,shughlandec@illinois.edu,Female,236.57.163.26
518,Isa,Fletcher,ifletchered@usnews.com,Female,83.177.7.97
519,Freddi,Bodill,fbodillee@quantcast.com,Female,48.53.252.227
520,Ceil,Akerman,cakermanef@ucla.edu,Female,148.180.61.43
521,Damon,Earnshaw,dearnshaweg@gizmodo.com,Male,119.83.206.161
522,Anita,Conroy,aconroyeh@intel.com,Female,247.44.200.245
523,Ada,Lazarus,alazarusei@eepurl.com,Female,154.225.133.201
524,Belinda,Cornewall,bcornewallej@weibo.com,Female,204.223.251.198
525,Brantley,Giannini,bgianniniek@go.com,Male,109.147.133.27
526,Tisha,Seamon,tseamonel@patch.com,Female,89.110.151.69
527,Petrina,Bogace,pbogaceem@mysql.com,Non-binary,81.152.65.216
528,Rriocard,Barrows,rbarrowsen@1und1.de,Male,142.160.171.195
529,Udall,Allix,uallixeo@vinaora.com,Male,68.84.110.92
530,Phillis,Hebborn,phebbornep@comsenz.com,Female,255.156.27.19
531,Daren,Danis,ddaniseq@opensource.org,Male,77.235.44.235
532,Adrianna,Casini,acasinier@dagondesign.com,Female,70.23.136.3
533,Olly,Loram,olorames@ed.gov,Female,59.122.64.99
534,Donovan,Farney,dfarneyet@prlog.org,Male,59.207.245.151
535,Caron,Matterface,cmatterfaceeu@bizjournals.com,Female,184.26.146.124
536,Bernardo,Cookney,bcookneyev@pagesperso-orange.fr,Male,99.11.30.97
537,Emelita,Worsnip,eworsnipew@ed.gov,Female,187.246.190.211
538,Orrin,Collyns,ocollynsex@chicagotribune.com,Genderfluid,135.194.243.216
539,Forster,Spoor,fspoorey@youku.com,Male,95.67.108.105
540,Mohandas,Pactat,mpactatez@auda.org.au,Male,219.136.60.14
541,Zeb,Teodori,zteodorif0@youku.com,Male,13.89.77.181
542,Lillian,Hetterich,lhetterichf1@pen.io,Polygender,104.100.73.250
543,Monte,Langcaster,mlangcasterf2@tiny.cc,Male,69.132.162.29
544,Leonie,Walmsley,lwalmsleyf3@vinaora.com,Genderqueer,111.230.150.17
545,Simone,Lydden,slyddenf4@soup.io,Male,219.247.55.49
546,Floria,Satchel,fsatchelf5@ucoz.com,Female,7.171.150.158
547,Keen,Slack,kslackf6@java.com,Male,230.27.13.143
548,Lief,Burhouse,lburhousef7@harvard.edu,Male,59.15.65.8
549,Jacklyn,Beining,jbeiningf8@google.co.uk,Bigender,81.77.156.32
550,Kermit,Cubberley,kcubberleyf9@cbc.ca,Male,50.11.240.174
551,Cam,Ummfrey,cummfreyfa@statcounter.com,Male,35.189.63.164
552,Andromache,Grindley,agrindleyfb@telegraph.co.uk,Female,75.101.244.166
553,Casandra,Petrasch,cpetraschfc@amazon.de,Female,94.229.89.21
554,Major,Balderstone,mbalderstonefd@drupal.org,Male,203.57.10.134
555,Tremain,Milner,tmilnerfe@devhub.com,Male,42.53.41.233
556,Wynn,Waliszek,wwaliszekff@illinois.edu,Male,195.208.124.106
557,Jordain,Goshawke,jgoshawkefg@guardian.co.uk,Female,2.165.180.226
558,Giorgio,Whatley,gwhatleyfh@unblog.fr,Non-binary,66.250.81.120
559,Birgit,Risbie,brisbiefi@imageshack.us,Female,109.241.76.124
560,Conway,Tudor,ctudorfj@oakley.com,Male,103.76.200.170
561,Weylin,Ferrulli,wferrullifk@vistaprint.com,Male,118.184.184.110
562,Cristian,Vakhrushev,cvakhrushevfl@1688.com,Genderqueer,146.252.103.166
563,Burnaby,Olenichev,bolenichevfm@noaa.gov,Male,60.173.90.220
564,Martynne,Osmon,mosmonfn@ow.ly,Female,124.224.254.214
565,Holmes,Tarburn,htarburnfo@qq.com,Male,151.172.181.56
566,Dominique,Desbrow,ddesbrowfp@pcworld.com,Female,187.29.124.237
567,Isabeau,Charnock,icharnockfq@amazon.co.uk,Female,236.148.172.204
568,Zach,Ayliff,zaylifffr@slashdot.org,Male,235.22.14.62
569,Ev,Lisle,elislefs@wikimedia.org,Male,242.236.197.170
570,Kylie,Plumtree,kplumtreeft@latimes.com,Male,163.149.173.92
571,Beau,Hedger,bhedgerfu@squidoo.com,Male,236.237.10.149
572,Melinde,Pavy,mpavyfv@cyberchimps.com,Female,133.139.191.131
573,Emilia,Coopey,ecoopeyfw@rediff.com,Genderqueer,17.206.44.128
574,Marcellus,Kenforth,mkenforthfx@rambler.ru,Genderfluid,231.27.54.79
575,Caressa,Smith,csmithfy@blogs.com,Female,129.99.221.17
576,Fulton,Joanic,fjoanicfz@about.me,Male,36.107.202.116
577,Marshall,Glennon,mglennong0@deviantart.com,Male,0.184.189.244
578,Junia,Bracknall,jbracknallg1@tmall.com,Female,151.218.125.247
579,Alon,Berkley,aberkleyg2@ehow.com,Male,213.176.118.229
580,Clevey,Battany,cbattanyg3@howstuffworks.com,Male,160.241.185.128
581,Huberto,Portal,hportalg4@goo.ne.jp,Male,166.90.172.156
582,Ardelis,Mannagh,amannaghg5@narod.ru,Female,116.10.202.25
583,Tana,Scotney,tscotneyg6@biglobe.ne.jp,Female,46.99.130.192
584,Gustave,McCrann,gmccranng7@hostgator.com,Male,58.227.98.82
585,Leigha,Rosencwaig,lrosencwaigg8@va.gov,Female,154.37.20.198
586,Clarissa,Wheeler,cwheelerg9@people.com.cn,Female,142.97.124.107
587,Jayson,Hearfield,jhearfieldga@cocolog-nifty.com,Male,85.178.134.249
588,Wye,MacCombe,wmaccombegb@com.com,Male,214.52.135.57
589,Hedvig,Trembley,htrembleygc@prnewswire.com,Female,231.73.114.163
590,Alma,Aiken,aaikengd@tamu.edu,Agender,221.70.194.36
591,Marita,Durie,mduriege@sciencedirect.com,Female,173.226.182.16
592,Hyman,Bonett,hbonettgf@shutterfly.com,Male,70.153.172.111
593,Sherie,Wilden,swildengg@businesswire.com,Female,215.72.232.94
594,Sibylla,Demko,sdemkogh@redcross.org,Female,110.63.78.192
595,Madelene,Lyptratt,mlyptrattgi@netlog.com,Female,7.206.2.232
596,Josephine,Tarply,jtarplygj@google.ca,Female,156.72.250.149
597,Emalia,Warke,ewarkegk@rambler.ru,Female,224.225.5.240
598,Randie,Larter,rlartergl@hp.com,Male,108.3.196.81
599,Eb,Hardwicke,ehardwickegm@histats.com,Male,30.9.205.150
600,Leia,Roberson,lrobersongn@google.com.hk,Female,232.247.140.77
601,Derk,Iorillo,diorillogo@163.com,Male,186.131.210.10
602,Isidor,Hoy,ihoygp@globo.com,Male,92.236.250.222
603,Hillary,Mosco,hmoscogq@webeden.co.uk,Male,2.170.136.109
604,Kimble,Benbow,kbenbowgr@mapy.cz,Male,161.2.238.87
605,Pate,Waterfield,pwaterfieldgs@cloudflare.com,Male,152.234.145.46
606,Kristin,Ivanchenkov,kivanchenkovgt@shinystat.com,Female,213.157.226.36
607,Amanda,Gallico,agallicogu@slate.com,Non-binary,37.199.3.102
608,Karylin,McKea,kmckeagv@tumblr.com,Female,16.138.118.2
609,Vidovik,Doerrling,vdoerrlinggw@psu.edu,Male,115.157.11.209
610,Mandel,Glanton,mglantongx@rambler.ru,Male,214.37.101.245
611,Sean,Hurdman,shurdmangy@chicagotribune.com,Female,61.22.197.190
612,Waly,Tournay,wtournaygz@youtu.be,Genderqueer,234.171.160.110
613,Terese,Churchley,tchurchleyh0@nih.gov,Female,200.186.20.185
614,Verine,Demangeot,vdemangeoth1@mozilla.com,Female,17.209.162.104
615,Ernie,Yitzovitz,eyitzovitzh2@sakura.ne.jp,Male,123.105.177.255
616,Rosette,Frostick,rfrostickh3@arstechnica.com,Female,114.137.40.122
617,Devi,Oxton,doxtonh4@state.tx.us,Female,26.148.55.23
618,Kenon,Sommerly,ksommerlyh5@creativecommons.org,Male,81.201.214.127
619,Eada,Josef,ejosefh6@adobe.com,Female,16.244.114.218
620,Shayla,Coggan,scogganh7@weibo.com,Female,156.158.14.86
621,Bryon,Ciccottio,bciccottioh8@yahoo.com,Male,219.59.133.88
622,Tiebold,Mansbridge,tmansbridgeh9@shutterfly.com,Male,233.111.168.238
623,Rodrigo,Victor,rvictorha@google.ca,Male,116.221.23.129
624,Concettina,Allard,callardhb@answers.com,Female,34.87.115.166
625,Mathew,Pell,mpellhc@multiply.com,Male,152.224.78.134
626,Hattie,Sexty,hsextyhd@clickbank.net,Female,252.127.112.73
627,Pat,Ketton,pkettonhe@java.com,Male,124.194.10.197
628,Worthington,Baulk,wbaulkhf@hao123.com,Male,123.165.157.129
629,Peg,Crowne,pcrownehg@comcast.net,Female,138.47.254.243
630,Lennard,Nunson,lnunsonhh@bbb.org,Male,141.245.27.192
631,Sully,Totton,stottonhi@sogou.com,Male,169.100.84.84
632,Welby,Mitchinson,wmitchinsonhj@reverbnation.com,Male,37.139.196.48
633,Charil,Carnduff,ccarnduffhk@ocn.ne.jp,Polygender,237.3.167.155
634,Ashely,Byfford,abyffordhl@uiuc.edu,Female,90.201.154.78
635,Emanuele,Jobb,ejobbhm@ehow.com,Male,5.167.236.205
636,Mick,Fieller,mfiellerhn@wunderground.com,Agender,73.4.224.196
637,Spenser,Berkowitz,sberkowitzho@sphinn.com,Male,39.247.98.240
638,Anabelle,Conochie,aconochiehp@ehow.com,Female,94.182.166.118
639,Randene,Brinicombe,rbrinicombehq@chicagotribune.com,Female,30.10.69.222
640,Patrizius,Keir,pkeirhr@csmonitor.com,Male,86.76.60.172
641,Hanni,Santino,hsantinohs@spotify.com,Female,209.76.111.187
642,Michale,Ninnoli,mninnoliht@japanpost.jp,Male,1.139.85.151
643,Rhianna,Upcott,rupcotthu@zimbio.com,Polygender,89.143.190.98
644,Ossie,Obell,oobellhv@globo.com,Genderqueer,181.239.51.235
645,Silvanus,Fleg,sfleghw@webs.com,Male,95.9.126.229
646,Rhodie,Flarity,rflarityhx@opensource.org,Female,205.175.45.55
647,Prentice,Cherm,pchermhy@kickstarter.com,Male,94.57.38.57
648,Tommy,Eatherton,teathertonhz@europa.eu,Polygender,176.202.207.75
649,Mitch,Melling,mmellingi0@youtu.be,Male,134.25.209.183
650,Otha,Vivash,ovivashi1@netscape.com,Female,103.238.193.73
651,Marmaduke,Bubbear,mbubbeari2@jigsy.com,Male,116.157.251.113
652,Hillyer,Canon,hcanoni3@oaic.gov.au,Male,204.132.151.232
653,Griffith,Aleshkov,galeshkovi4@canalblog.com,Male,138.70.100.18
654,Durante,Bevis,dbevisi5@boston.com,Male,44.32.241.155
655,Whit,Wisdom,wwisdomi6@ted.com,Male,186.176.219.211
656,Raymund,Penke,rpenkei7@hugedomains.com,Male,46.222.43.127
657,Susanne,Whelband,swhelbandi8@dell.com,Female,216.29.204.166
658,Camile,Itzkovici,citzkovicii9@joomla.org,Female,128.108.184.229
659,Beau,Kilpin,bkilpinia@nsw.gov.au,Polygender,57.24.125.247
660,Ag,Foucar,afoucarib@accuweather.com,Bigender,57.189.179.178
661,Dulcinea,Biernacki,dbiernackiic@cdc.gov,Female,28.254.230.87
662,Tiffie,Ciotto,tciottoid@prlog.org,Female,215.69.37.139
663,Salem,Theyer,stheyerie@paginegialle.it,Genderqueer,25.8.81.92
664,Dusty,Leguay,dleguayif@discovery.com,Female,8.5.128.190
665,Reeva,Thynne,rthynneig@instagram.com,Genderfluid,230.37.84.44
666,Callean,Cancellieri,ccancellieriih@sogou.com,Male,156.97.193.24
667,Loy,Gelly,lgellyii@1688.com,Male,130.75.190.44
668,Victor,Bambra,vbambraij@tinypic.com,Male,118.217.180.241
669,Hagen,Monery,hmoneryik@networkadvertising.org,Male,117.231.233.60
670,Chrysler,Meneyer,cmeneyeril@go.com,Female,254.27.36.10
671,Paddy,Leare,pleareim@examiner.com,Male,148.151.33.200
672,Hussein,Jowitt,hjowittin@dell.com,Male,214.64.254.62
673,Roderic,Gyppes,rgyppesio@joomla.org,Male,121.160.240.61
674,Teddy,Willoughby,twilloughbyip@virginia.edu,Male,170.62.71.147
675,Riordan,Children,rchildreniq@economist.com,Male,56.125.181.118
676,Michel,Juleff,mjuleffir@examiner.com,Female,187.212.203.145
677,Harrie,Rought,hroughtis@google.com.hk,Female,112.104.135.64
678,Christi,Thurske,cthurskeit@yandex.ru,Female,86.239.132.230
679,Benjy,Tofano,btofanoiu@psu.edu,Male,165.51.74.193
680,Brandy,Norres,bnorresiv@ibm.com,Male,46.5.61.108
681,Jerrold,Tuxell,jtuxelliw@ebay.com,Polygender,38.22.174.112
682,Ryon,O'Leary,rolearyix@vistaprint.com,Male,15.11.63.104
683,Adriana,Coxhead,acoxheadiy@list-manage.com,Female,193.233.237.17
684,Merell,Pleasaunce,mpleasaunceiz@symantec.com,Male,127.163.182.158
685,Fleur,Skettles,fskettlesj0@berkeley.edu,Female,50.147.150.201
686,Pace,Alders,paldersj1@webmd.com,Male,34.127.185.205
687,Mitchel,Roxburch,mroxburchj2@histats.com,Male,216.10.48.10
688,Marrissa,Twiggs,mtwiggsj3@gmpg.org,Agender,232.162.231.19
689,Niels,Bickell,nbickellj4@webeden.co.uk,Male,122.227.54.231
690,Molli,Dumblton,mdumbltonj5@reddit.com,Female,109.217.104.168
691,Eb,Ody,eodyj6@angelfire.com,Male,110.159.96.255
692,Aurelia,Holby,aholbyj7@ucsd.edu,Female,69.139.9.140
693,Penni,O' Loughran,poloughranj8@ask.com,Female,132.37.32.106
694,Marlene,Drewe,mdrewej9@tumblr.com,Female,217.253.23.121
695,Gabe,Botwright,gbotwrightja@shutterfly.com,Male,80.34.111.24
696,Tye,Shawley,tshawleyjb@abc.net.au,Male,2.100.209.251
697,Aldous,Perl,aperljc@constantcontact.com,Male,84.249.75.49
698,Kenneth,Coppenhall,kcoppenhalljd@jigsy.com,Male,211.236.60.202
699,Franz,Fludgate,ffludgateje@webmd.com,Male,51.143.68.32
700,Huberto,Reyburn,hreyburnjf@vistaprint.com,Male,255.23.226.128
701,Neely,Abbis,nabbisjg@google.de,Female,88.210.17.30
702,Sandi,Gallacher,sgallacherjh@storify.com,Female,33.22.16.149
703,Wendye,Marcos,wmarcosji@sphinn.com,Female,147.218.49.133
704,Upton,Poole,upoolejj@shop-pro.jp,Bigender,245.254.149.112
705,Stavros,Enticknap,senticknapjk@china.com.cn,Male,12.204.67.180
706,Mathe,Alben,malbenjl@latimes.com,Male,230.99.184.186
707,Jamie,Sterke,jsterkejm@godaddy.com,Female,134.235.47.168
708,Virginie,Kalinowsky,vkalinowskyjn@bizjournals.com,Non-binary,187.18.11.146
709,Cacilia,Broose,cbroosejo@friendfeed.com,Female,243.25.55.4
710,Florence,Monkhouse,fmonkhousejp@cargocollective.com,Female,106.70.153.102
711,Lisa,Bausor,lbausorjq@who.int,Female,62.23.134.119
712,Fayette,Olman,folmanjr@gravatar.com,Female,198.169.67.140
713,Nissy,Barford,nbarfordjs@npr.org,Female,198.149.151.160
714,Kingston,Jouandet,kjouandetjt@mapquest.com,Non-binary,4.189.96.54
715,Nickie,Hasloch,nhaslochju@xrea.com,Female,249.145.153.237
716,Elysha,Paynter,epaynterjv@smh.com.au,Female,157.129.164.180
717,Jehanna,Cockerell,jcockerelljw@redcross.org,Female,231.3.47.255
718,Tonya,Bondley,tbondleyjx@purevolume.com,Female,0.133.12.88
719,Carolee,Kerby,ckerbyjy@hud.gov,Female,12.62.78.158
720,Linet,Fanning,lfanningjz@icio.us,Female,188.68.39.229
721,Gilles,Brackstone,gbrackstonek0@mayoclinic.com,Non-binary,70.234.210.166
722,Ade,Downey,adowneyk1@slate.com,Male,10.132.43.184
723,Atlanta,Iacobacci,aiacobaccik2@apple.com,Female,15.74.194.122
724,Yorke,Slorach,yslorachk3@msn.com,Male,40.143.136.203
725,Jonie,Brugman,jbrugmank4@yellowbook.com,Female,95.92.137.42
726,Kasey,Berriball,kberriballk5@devhub.com,Female,21.88.88.239
727,Izzy,Flacke,iflackek6@diigo.com,Male,44.184.25.173
728,Tracie,Hamprecht,thamprechtk7@rakuten.co.jp,Male,168.79.118.168
729,Gabriel,Hodgen,ghodgenk8@yahoo.com,Male,120.95.196.86
730,Shay,Dutchburn,sdutchburnk9@cam.ac.uk,Female,156.213.249.24
731,Julita,Shearman,jshearmanka@amazon.de,Female,208.235.131.38
732,Kittie,Aicheson,kaichesonkb@virginia.edu,Female,253.23.200.123
733,Amandy,Tapley,atapleykc@google.com.hk,Non-binary,170.162.163.18
734,Bartlett,Farey,bfareykd@theatlantic.com,Genderfluid,233.71.32.90
735,Aldus,Hurnell,ahurnellke@goo.gl,Male,89.220.120.152
736,Thurstan,Gerge,tgergekf@psu.edu,Male,246.14.189.122
737,Nadiya,Yaneev,nyaneevkg@example.com,Female,26.129.229.226
738,Cornelius,Antonoyev,cantonoyevkh@flavors.me,Male,92.223.237.63
739,Stefano,Aldis,saldiski@indiegogo.com,Male,33.57.32.107
740,Moreen,Penhalurick,mpenhalurickkj@umich.edu,Female,71.198.194.155
741,Bunni,Frayling,bfraylingkk@desdev.cn,Female,121.178.68.225
742,Carmel,Waylett,cwaylettkl@ed.gov,Female,195.59.251.27
743,Arvy,Eddicott,aeddicottkm@paginegialle.it,Male,182.127.218.157
744,Catherin,MacVaugh,cmacvaughkn@ifeng.com,Female,167.159.200.53
745,Jewelle,Fairbrother,jfairbrotherko@github.com,Female,86.180.200.242
746,Alley,Gosnall,agosnallkp@i2i.jp,Male,76.200.146.215
747,Sigismondo,Hlavac,shlavackq@ehow.com,Male,108.123.210.233
748,Arvy,Shortell,ashortellkr@netscape.com,Male,206.77.80.248
749,Wylma,Biers,wbiersks@msn.com,Female,238.196.98.101
750,Luci,Miere,lmierekt@opera.com,Female,97.204.59.128
751,Kingsly,O'Leahy,koleahyku@elegantthemes.com,Male,244.226.78.111
752,Nicolina,Stode,nstodekv@uol.com.br,Female,87.141.6.161
753,Iorgos,Penwright,ipenwrightkw@theglobeandmail.com,Male,126.10.110.21
754,Humfrey,Glavin,hglavinkx@prlog.org,Male,55.178.182.170
755,Deni,Karpov,dkarpovky@newyorker.com,Female,241.9.70.57
756,Cari,Jobe,cjobekz@economist.com,Female,43.114.1.6
757,Dorice,Rattery,dratteryl0@adobe.com,Female,161.160.157.80
758,Efrem,Drife,edrifel1@forbes.com,Male,209.249.231.93
759,Cozmo,Sanbrook,csanbrookl2@fema.gov,Male,221.62.103.97
760,Hadrian,Plom,hploml3@foxnews.com,Male,1.155.117.251
761,Sada,Dulin,sdulinl4@reference.com,Agender,159.1.37.31
762,Lisabeth,Swin,lswinl5@scribd.com,Female,78.107.210.98
763,Jaymee,Stallard,jstallardl6@umich.edu,Female,90.212.223.100
764,Angel,Trickett,atrickettl7@mlb.com,Male,124.211.45.167
765,Piggy,Brazer,pbrazerl8@newyorker.com,Male,160.75.82.191
766,Berny,Elliston,bellistonl9@t.co,Female,189.96.175.188
767,Nicolis,Vivyan,nvivyanla@ucsd.edu,Male,250.153.175.126
768,Tadeo,Coghlin,tcoghlinlb@histats.com,Bigender,196.243.90.36
769,Dermot,Lowing,dlowinglc@ocn.ne.jp,Male,82.108.104.152
770,Cybil,Chuney,cchuneyld@alexa.com,Female,34.94.238.233
771,Marietta,Felce,mfelcele@feedburner.com,Male,59.146.20.0
772,Stillmann,Terrazzo,sterrazzolf@deliciousdays.com,Male,228.33.32.106
773,Christyna,Poinsett,cpoinsettlg@spiegel.de,Polygender,182.27.114.207
774,Reeva,Szymanzyk,rszymanzyklh@linkedin.com,Female,203.9.183.187
775,Arly,Linskill,alinskillli@ucoz.com,Female,223.29.155.26
776,Adriaens,McBlain,amcblainlj@spiegel.de,Female,130.56.207.124
777,Austen,Extance,aextancelk@slideshare.net,Male,31.219.205.64
778,Rolando,Pizey,rpizeyll@rediff.com,Male,255.199.241.176
779,Winfield,Canario,wcanariolm@hibu.com,Male,126.100.29.195
780,Mohammed,Page,mpageln@deviantart.com,Male,158.232.97.126
781,Ado,Shutle,ashutlelo@tiny.cc,Male,101.235.218.18
782,Tonya,Boots,tbootslp@home.pl,Female,128.184.244.20
783,Bradan,Needs,bneedslq@about.me,Male,44.197.42.189
784,Dukie,Bramstom,dbramstomlr@sohu.com,Male,0.123.199.205
785,De,Anyene,danyenels@bizjournals.com,Female,220.241.150.49
786,Jamie,Bedell,jbedelllt@ox.ac.uk,Female,114.73.48.140
787,Keane,Kopps,kkoppslu@networkadvertising.org,Male,213.35.68.39
788,Rolph,Coniff,rconifflv@ask.com,Male,108.194.153.189
789,Clerkclaude,Rickerby,crickerbylw@berkeley.edu,Male,234.136.110.64
790,Coletta,Gaffon,cgaffonlx@ocn.ne.jp,Female,216.244.103.30
791,Caye,Littley,clittleyly@patch.com,Female,197.26.243.199
792,Vi,Pickrell,vpickrelllz@marketwatch.com,Female,124.169.50.213
793,Korella,Secrett,ksecrettm0@bizjournals.com,Bigender,240.167.97.143
794,Olivia,Itzkovitch,oitzkovitchm1@mac.com,Female,88.202.156.131
795,Cherry,Circuitt,ccircuittm2@accuweather.com,Female,168.150.56.132
796,Shirleen,Giffin,sgiffinm3@sitemeter.com,Female,252.183.120.230
797,Stephie,Crinion,scrinionm4@theglobeandmail.com,Female,167.116.6.4
798,Enrika,Barg,ebargm5@craigslist.org,Female,87.10.75.157
799,Dyann,Teers,dteersm6@goo.ne.jp,Non-binary,237.1.100.57
800,Dorey,Cable,dcablem7@constantcontact.com,Female,37.107.205.86
801,Ozzie,Fothergill,ofothergillm8@squarespace.com,Male,228.47.246.75
802,Rosanne,Howard,rhowardm9@dmoz.org,Female,228.44.51.94
803,Urban,Baffin,ubaffinma@wsj.com,Male,118.217.195.106
804,Carolynn,Piotrkowski,cpiotrkowskimb@xrea.com,Female,24.5.45.246
805,Aloin,Brusle,abruslemc@wikispaces.com,Male,234.20.137.21
806,Anders,Worsnap,aworsnapmd@unicef.org,Male,109.131.251.11
807,Joelie,Price,jpriceme@biblegateway.com,Female,92.63.128.184
808,Jeffrey,Blamey,jblameymf@yahoo.com,Male,31.221.124.19
809,Arabel,Stalman,astalmanmg@weibo.com,Female,252.48.105.40
810,Pip,Bortoloni,pbortolonimh@foxnews.com,Male,65.36.233.229
811,Saul,Assard,sassardmi@elegantthemes.com,Male,209.81.216.246
812,Viviana,Santostefano.,vsantostefanomj@is.gd,Female,65.63.20.14
813,Erica,Gasnell,egasnellmk@uol.com.br,Female,254.218.22.145
814,Shaughn,Helin,shelinml@fda.gov,Male,78.118.26.103
815,Laurene,Denisevich,ldenisevichmm@weather.com,Female,250.158.89.109
816,Sherlock,Chesnay,schesnaymn@ehow.com,Male,29.95.246.9
817,Gerianne,Conti,gcontimo@businessinsider.com,Female,168.84.93.169
818,Lory,Bryceson,lbrycesonmp@woothemes.com,Female,68.95.179.16
819,Wallie,Philipson,wphilipsonmq@blogger.com,Male,251.68.186.88
820,Sidnee,Gandrich,sgandrichmr@slate.com,Male,138.213.179.202
821,Di,Pieroni,dpieronims@unc.edu,Female,186.23.37.243
822,Gill,Dally,gdallymt@berkeley.edu,Female,173.108.71.170
823,Mathe,Helbeck,mhelbeckmu@live.com,Bigender,10.119.45.119
824,Freeman,Varndall,fvarndallmv@jigsy.com,Male,59.201.237.243
825,Iorgo,Stanion,istanionmw@elpais.com,Male,144.86.255.132
826,Henry,Clubbe,hclubbemx@nyu.edu,Male,65.135.203.23
827,Ashlee,Britner,abritnermy@ted.com,Polygender,189.134.95.58
828,Joyan,Sandcraft,jsandcraftmz@nhs.uk,Female,164.43.116.105
829,Buddie,Pieters,bpietersn0@dailymotion.com,Male,141.79.252.88
830,Noreen,Reynoollds,nreynoolldsn1@wikipedia.org,Female,154.126.37.94
831,Brook,Bowmen,bbowmenn2@flavors.me,Male,78.25.86.38
832,Ange,Domel,adomeln3@nsw.gov.au,Female,114.3.56.90
833,Petronella,Rowlson,prowlsonn4@ow.ly,Genderfluid,205.207.232.87
834,Honoria,Boal,hboaln5@bandcamp.com,Female,178.207.128.95
835,Pace,Leeming,pleemingn6@i2i.jp,Male,134.241.196.3
836,Wilmar,Bussens,wbussensn7@prnewswire.com,Male,53.9.179.146
837,Gaye,Averies,gaveriesn8@taobao.com,Female,186.145.82.193
838,Consolata,Elmar,celmarn9@hexun.com,Female,55.82.201.211
839,Katherine,Burn,kburnna@ucla.edu,Female,40.5.56.245
840,Sadye,Eastmead,seastmeadnb@nasa.gov,Female,213.67.83.251
841,Ethan,Golding,egoldingnc@squarespace.com,Male,96.13.13.23
842,Melita,Doley,mdoleynd@nyu.edu,Female,203.120.221.177
843,Katee,Putman,kputmanne@forbes.com,Female,248.70.94.114
844,Emelen,Dearing,edearingnf@friendfeed.com,Male,59.66.134.234
845,Johannes,Mc Comb,jmccombng@goo.gl,Male,74.164.9.210
846,Culley,Culp,cculpnh@slashdot.org,Male,41.234.93.24
847,Janice,Olenin,joleninni@ftc.gov,Female,85.77.172.205
848,Ulrikaumeko,Shedden,usheddennj@w3.org,Female,230.109.88.193
849,Kania,Brandsma,kbrandsmank@mapy.cz,Female,63.30.80.124
850,Cleve,Boal,cboalnl@dion.ne.jp,Male,66.108.34.45
851,Puff,Regenhardt,pregenhardtnm@ucoz.com,Male,84.2.252.155
852,Annissa,Menguy,amenguynn@nasa.gov,Female,84.106.28.247
853,Shirline,Isgate,sisgateno@discovery.com,Female,163.45.107.76
854,Ailis,Lemoir,alemoirnp@huffingtonpost.com,Female,204.6.15.38
855,Reba,Mancell,rmancellnq@dropbox.com,Female,113.95.187.210
856,Lincoln,Grodden,lgroddennr@fastcompany.com,Non-binary,92.112.254.157
857,Giacinta,Hartley,ghartleyns@pagesperso-orange.fr,Female,84.30.112.168
858,Sargent,Baudassi,sbaudassint@feedburner.com,Male,241.168.140.169
859,Lynea,Sanders,lsandersnu@nasa.gov,Female,6.72.17.210
860,Jesselyn,Bloxholm,jbloxholmnv@surveymonkey.com,Female,161.77.32.42
861,Serge,Kitcat,skitcatnw@altervista.org,Male,253.127.197.108
862,Holli,Hellier,hhelliernx@sciencedirect.com,Female,88.175.173.114
863,Nanice,Burgise,nburgiseny@census.gov,Female,16.184.123.26
864,Ximenez,Martonfi,xmartonfinz@omniture.com,Male,166.96.211.53
865,Vere,Deluca,vdelucao0@sitemeter.com,Female,232.210.87.117
866,Vanny,Olivia,voliviao1@businessinsider.com,Female,168.180.224.30
867,Jannel,Jannasch,jjannascho2@gnu.org,Female,22.16.227.40
868,Arda,Hastelow,ahastelowo3@cam.ac.uk,Female,209.141.59.246
869,Turner,Kipping,tkippingo4@com.com,Male,217.239.250.8
870,Geoffry,Paliser,gpalisero5@walmart.com,Non-binary,86.91.241.87
871,Leonard,Cave,lcaveo6@phoca.cz,Male,195.25.76.18
872,Simeon,Koppen,skoppeno7@irs.gov,Male,226.76.220.191
873,Kristi,Shard,kshardo8@flickr.com,Female,30.38.176.108
874,Bronnie,Clemendot,bclemendoto9@bloomberg.com,Male,145.166.147.180
875,Marlowe,Bater,mbateroa@usa.gov,Male,176.66.112.24
876,Clerkclaude,Kondratowicz,ckondratowiczob@a8.net,Male,209.202.44.151
877,Kelsi,Levee,kleveeoc@craigslist.org,Female,124.172.160.28
878,Renado,MacAless,rmacalessod@loc.gov,Male,16.185.131.35
879,Clem,Matterson,cmattersonoe@google.com,Female,126.213.185.188
880,Trace,Wabersich,twabersichof@nature.com,Genderfluid,209.22.106.141
881,Nedda,Bollen,nbollenog@samsung.com,Female,78.45.204.122
882,Eberto,Ubank,eubankoh@mail.ru,Male,70.201.235.122
883,Shalne,Shieldon,sshieldonoi@live.com,Female,104.138.187.209
884,Sisely,Reolfo,sreolfooj@ustream.tv,Agender,88.215.160.208
885,Charyl,Casserly,ccasserlyok@telegraph.co.uk,Genderqueer,239.80.20.179
886,Lelah,Charlewood,lcharlewoodol@mtv.com,Female,215.241.238.233
887,Brennan,Glasspoole,bglasspooleom@wordpress.com,Male,208.137.0.11
888,Dalli,Duck,dduckon@typepad.com,Male,219.0.128.72
889,Padget,Cottham,pcotthamoo@tuttocitta.it,Male,196.3.229.134
890,Aleda,Traher,atraherop@chron.com,Female,33.22.100.210
891,Peggy,Mewton,pmewtonoq@tinypic.com,Female,203.144.155.241
892,Robbie,Milborn,rmilbornor@cbc.ca,Male,148.249.44.124
893,Dagny,Ohanessian,dohanessianos@mayoclinic.com,Male,194.63.35.77
894,Zacharie,Firmin,zfirminot@e-recht24.de,Male,120.49.76.207
895,Gallard,McKeowon,gmckeowonou@friendfeed.com,Male,91.31.244.97
896,Selestina,Orwell,sorwellov@istockphoto.com,Female,76.138.138.154
897,Christina,Bingham,cbinghamow@tmall.com,Female,162.227.207.62
898,Malissa,Vannozzii,mvannozziiox@wunderground.com,Female,10.194.36.179
899,Amye,Gladbach,agladbachoy@wikimedia.org,Female,22.30.161.226
900,Phil,Ridhole,pridholeoz@theatlantic.com,Female,224.106.92.126
901,Lula,Shrimplin,lshrimplinp0@mysql.com,Female,0.75.142.189
902,Pierson,Donn,pdonnp1@china.com.cn,Male,56.240.232.245
903,Adriena,McMeeking,amcmeekingp2@slideshare.net,Female,146.9.192.55
904,Hilda,Merryfield,hmerryfieldp3@uol.com.br,Female,246.27.41.74
905,Audra,Tricker,atrickerp4@ox.ac.uk,Female,164.46.204.223
906,Florie,Iannelli,fiannellip5@go.com,Female,210.14.158.177
907,Edna,Boughtwood,eboughtwoodp6@msu.edu,Female,149.71.114.244
908,Herb,Zambonini,hzamboninip7@weather.com,Male,212.241.29.94
909,Joycelin,Trippack,jtrippackp8@mayoclinic.com,Female,158.110.74.136
910,Dannie,Kamenar,dkamenarp9@scientificamerican.com,Female,221.153.245.83
911,Bryant,Coye,bcoyepa@wsj.com,Male,60.118.178.92
912,Ceciley,Worsall,cworsallpb@msu.edu,Genderqueer,88.15.40.244
913,Valerie,Martusewicz,vmartusewiczpc@omniture.com,Female,111.172.168.216
914,Aldric,Wathall,awathallpd@ftc.gov,Male,119.38.45.98
915,Johnath,Farran,jfarranpe@feedburner.com,Female,138.203.199.248
916,Ernesta,Merill,emerillpf@drupal.org,Female,170.21.201.221
917,Gregory,Labern,glabernpg@slate.com,Male,205.79.34.83
918,Manolo,Bruni,mbruniph@dailymail.co.uk,Male,111.52.99.199
919,Dyan,Fingleton,dfingletonpi@jimdo.com,Female,174.30.244.246
920,Amalle,Kepe,akepepj@linkedin.com,Female,238.63.128.136
921,Kain,Brandoni,kbrandonipk@noaa.gov,Male,135.54.62.26
922,Hanny,Pawsey,hpawseypl@ustream.tv,Female,177.102.130.188
923,Monroe,Pallant,mpallantpm@nasa.gov,Male,16.187.126.126
924,Finlay,Shortell,fshortellpn@yandex.ru,Male,235.74.80.186
925,Richart,Allden,ralldenpo@sun.com,Male,73.141.5.187
926,Devlin,Vergo,dvergopp@buzzfeed.com,Male,103.119.44.56
927,Vittorio,Trimmill,vtrimmillpq@miitbeian.gov.cn,Genderfluid,132.227.121.115
928,Svend,Westmore,swestmorepr@fc2.com,Male,62.28.32.74
929,Shanda,Mallen,smallenps@fda.gov,Female,226.141.179.85
930,Zelig,Guerner,zguernerpt@skype.com,Male,179.57.74.146
931,Tiphany,Alvis,talvispu@cbsnews.com,Female,153.25.48.188
932,Daniella,Malone,dmalonepv@canalblog.com,Female,105.190.165.164
933,Ada,Roughey,arougheypw@goodreads.com,Female,191.22.4.203
934,Germana,MacCurtain,gmaccurtainpx@topsy.com,Female,50.54.125.53
935,Butch,O'Fallon,bofallonpy@uiuc.edu,Non-binary,124.160.114.5
936,Vernor,Matyugin,vmatyuginpz@whitehouse.gov,Male,157.41.209.133
937,Georgine,Auden,gaudenq0@usa.gov,Female,122.206.246.209
938,Nicholas,Alexsandrowicz,nalexsandrowiczq1@goo.gl,Male,102.17.236.197
939,Wainwright,Garrold,wgarroldq2@bloomberg.com,Male,157.34.210.75
940,Edik,Zuker,ezukerq3@merriam-webster.com,Male,231.154.83.150
941,Bradley,Gledhall,bgledhallq4@netvibes.com,Male,124.27.99.253
942,Maurits,Moryson,mmorysonq5@mayoclinic.com,Agender,133.26.67.5
943,Wolfie,Ellesworth,wellesworthq6@zdnet.com,Male,29.129.103.130
944,Briny,Wysome,bwysomeq7@topsy.com,Bigender,229.179.25.58
945,Tallie,Cohn,tcohnq8@tiny.cc,Male,59.243.12.53
946,Clayton,Lampet,clampetq9@scribd.com,Male,158.137.14.157
947,Concettina,Blizard,cblizardqa@histats.com,Female,13.179.134.234
948,Neill,Goakes,ngoakesqb@gravatar.com,Male,99.145.169.120
949,Jemima,Faichnie,jfaichnieqc@apple.com,Female,10.211.123.236
950,Ericka,Tipple,etippleqd@slideshare.net,Female,231.170.219.98
951,Barton,Ernke,bernkeqe@google.co.uk,Male,138.254.199.75
952,Donnie,Tolefree,dtolefreeqf@vinaora.com,Male,23.168.80.134
953,Win,Chalfant,wchalfantqg@ucsd.edu,Male,138.110.205.225
954,Julius,Degoy,jdegoyqh@elpais.com,Male,247.170.127.71
955,Margaux,Bowdery,mbowderyqi@stanford.edu,Female,95.3.122.101
956,Lonnard,Bellow,lbellowqj@wiley.com,Polygender,225.114.240.243
957,Aggy,Osboldstone,aosboldstoneqk@bloglovin.com,Female,132.119.114.52
958,Phylis,Peniman,ppenimanql@jalbum.net,Female,86.51.73.115
959,Benita,Measom,bmeasomqm@reddit.com,Female,230.251.0.73
960,Mechelle,Alcorn,malcornqn@angelfire.com,Female,192.15.203.16
961,Selinda,Rase,sraseqo@usatoday.com,Female,161.16.124.67
962,Crawford,Geall,cgeallqp@forbes.com,Male,84.134.111.159
963,Rosamond,Ginity,rginityqq@usnews.com,Female,74.228.94.54
964,Dick,Avann,davannqr@time.com,Male,10.247.253.170
965,Case,Steen,csteenqs@china.com.cn,Male,132.167.206.22
966,Hashim,Doucette,hdoucetteqt@hubpages.com,Male,2.152.252.8
967,Sher,Crofthwaite,scrofthwaitequ@spotify.com,Female,93.220.98.5
968,Lyda,Wilbraham,lwilbrahamqv@china.com.cn,Female,188.74.157.175
969,Corrie,Gilbanks,cgilbanksqw@wikia.com,Male,82.128.179.150
970,Farley,Dormon,fdormonqx@phpbb.com,Male,59.133.58.96
971,Eadie,Binton,ebintonqy@nps.gov,Female,29.119.128.135
972,Arte,Dufore,aduforeqz@technorati.com,Male,238.211.117.86
973,Hugibert,Djakovic,hdjakovicr0@bluehost.com,Male,244.89.45.201
974,Alie,Schieferstein,aschiefersteinr1@nasa.gov,Female,97.185.51.65
975,Gertrudis,Cakes,gcakesr2@wp.com,Female,181.213.212.250
976,Gavra,Tyrrell,gtyrrellr3@github.io,Female,212.88.160.169
977,Clovis,Dugood,cdugoodr4@w3.org,Female,118.163.218.29
978,Lou,Yakunchikov,lyakunchikovr5@java.com,Male,12.49.28.210
979,Timotheus,Wimsett,twimsettr6@bigcartel.com,Male,166.41.194.118
980,Patricia,Foxen,pfoxenr7@reverbnation.com,Female,34.169.136.115
981,Germain,Durie,gdurier8@mozilla.org,Female,25.40.0.79
982,Chauncey,Posen,cposenr9@boston.com,Agender,235.176.115.205
983,Rainer,McCluin,rmccluinra@psu.edu,Male,179.183.83.57
984,Gertrude,Nunnery,gnunneryrb@telegraph.co.uk,Female,223.237.148.201
985,Cirstoforo,Moggan,cmogganrc@ca.gov,Male,136.229.65.16
986,Arden,Faichney,afaichneyrd@icio.us,Female,157.127.136.135
987,Carlene,Dury,cduryre@joomla.org,Female,247.138.205.6
988,Tripp,Grebbin,tgrebbinrf@go.com,Non-binary,107.123.245.221
989,Theodore,Switzer,tswitzerrg@hatena.ne.jp,Male,17.104.185.141
990,Jacki,Van der Beken,jvanderbekenrh@usa.gov,Female,231.26.108.20
991,Kaitlin,Slay,kslayri@cocolog-nifty.com,Female,73.105.190.138
992,Tommie,Tunder,ttunderrj@baidu.com,Male,223.154.104.17
993,Lorita,Alvy,lalvyrk@uol.com.br,Female,12.113.43.151
994,Benedict,Ghidotti,bghidottirl@businesswire.com,Male,228.253.251.52
995,Ashia,Burchall,aburchallrm@symantec.com,Female,203.117.219.148
996,Alphonso,Burrill,aburrillrn@newyorker.com,Male,127.139.157.164
997,Kayne,Geockle,kgeocklero@bloglines.com,Male,254.90.154.37
998,Rae,Lydford,rlydfordrp@tuttocitta.it,Female,17.170.175.64
999,Reinhold,Guirardin,rguirardinrq@nba.com,Male,158.203.160.131
1000,Katie,Kinkade,kkinkaderr@paginegialle.it,Female,11.194.233.54
